category,filename,doi_from_filename,doi_from_pdf2doi
Experimental,10.1002_adfm.201600566.pdf,10.1002/adfm.201600566,10.1002/adfm.201600566
Experimental,10.1002_adfm.201603904.pdf,10.1002/adfm.201603904,10.1002/adfm.201603904
Experimental,10.1002_adfm.201606497.pdf,10.1002/adfm.201606497,10.1021/acsnano.7b05050
Experimental,10.1002_adfm.201801136.pdf,10.1002/adfm.201801136,10.1002/adfm.201801136
Experimental,10.1002_adfm.201900315.pdf,10.1002/adfm.201900315,10.1002/adfm.201900315
Experimental,10.1002_adfm.202009070.pdf,10.1002/adfm.202009070,10.1002/adfm.202009070
Experimental,10.1002_adfm.202010437.pdf,10.1002/adfm.202010437,10.1002/adfm.202010437
Experimental,10.1002_adfm.202106835.pdf,10.1002/adfm.202106835,10.1002/adfm.202106835
Experimental,10.1002_adfm.202200733.pdf,10.1002/adfm.202200733,10.1002/adfm.202200733
Experimental,10.1002_adfm.202314172.pdf,10.1002/adfm.202314172,10.1002/adfm.202314172
Experimental,10.1002_adma.201503163.pdf,10.1002/adma.201503163,10.1002/adma.201503163
Experimental,10.1002_adma.201504866.pdf,10.1002/adma.201504866,10.1002/adma.201504866
Experimental,10.1002_adma.201606793.pdf,10.1002/adma.201606793,10.1002/adma.201606793
Experimental,10.1002_adma.201700748.pdf,10.1002/adma.201700748,10.1002/adma.201700748
Experimental,10.1002_adma.201703311.pdf,10.1002/adma.201703311,10.1002/adma.201703311
Experimental,10.1002_adma.201703798.pdf,10.1002/adma.201703798,10.1002/adma.201703798
Experimental,10.1002_adma.201704779.pdf,10.1002/adma.201704779,10.1002/adma.201704779
Experimental,10.1002_adma.201707522..pdf,10.1002/adma.201707522,10.1002/adma.201707522
Experimental,10.1002_adma.201707522.pdf,10.1002/adma.201707522,10.1002/adma.201707522
Experimental,10.1002_adma.201802121.pdf,10.1002/adma.201802121,10.1002/adma.201802121
Experimental,10.1002_adma.201802223.pdf,10.1002/adma.201802223,10.1002/adma.201802223
Experimental,10.1002_adma.201806326.pdf,10.1002/adma.201806326,10.1002/adma.201806326
Experimental,10.1002_adma.201806682.pdf,10.1002/adma.201806682,10.1002/adma.201806682
Experimental,10.1002_adma.201807001.pdf,10.1002/adma.201807001,10.1002/adma.201807001
Experimental,10.1002_adma.201903616.pdf,10.1002/adma.201903616,10.1002/adma.201903616
Experimental,10.1002_adma.201905679.pdf,10.1002/adma.201905679,10.1002/adma.201905679
Experimental,10.1002_adma.201906915.pdf,10.1002/adma.201906915,10.1002/adma.201906915
Experimental,10.1002_adma.201907818.pdf,10.1002/adma.201907818,10.1002/adma.201907818
Experimental,10.1002_adma.202001167.pdf,10.1002/adma.202001167,10.1002/adma.202001167
Experimental,10.1002_adma.202006042.pdf,10.1002/adma.202006042,10.1002/adma.202006042
Experimental,10.1002_adma.202110103.pdf,10.1002/adma.202110103,10.1002/adma.202110103
Experimental,10.1002_adma.202306108.pdf,10.1002/adma.202306108,10.1002/adma.202306108
Experimental,10.1002_admi.201901328.pdf,10.1002/admi.201901328,10.1002/admi.201901328
Experimental,10.1002_advs.201600380.pdf,10.1002/advs.201600380,10.1002/advs.201600380
Experimental,10.1002_advs.201801829.pdf,10.1002/advs.201801829,10.1002/advs.201801829
Experimental,10.1002_advs.201903195.pdf,10.1002/advs.201903195,10.1002/advs.201903195
Experimental,10.1002_advs.202002631.pdf,10.1002/advs.202002631,10.1002/advs.202002631
Experimental,10.1002_advs.202104522.pdf,10.1002/advs.202104522,10.1002/advs.202104522
Experimental,10.1002_advs.202302301.pdf,10.1002/advs.202302301,10.1002/advs.202302301
Experimental,10.1002_aenm.201602086.pdf,10.1002/aenm.201602086,10.1002/aenm.201602086
Experimental,10.1002_aenm.201902104.pdf,10.1002/aenm.201902104,10.1002/aenm.201902104
Experimental,10.1002_aenm.201903120.pdf,10.1002/aenm.201903120,10.1002/aenm.201903120
Experimental,10.1002_aenm.201903891.pdf,10.1002/aenm.201903891,10.1002/aenm.201903891
Experimental,10.1002_aenm.202000478.pdf,10.1002/aenm.202000478,10.1002/aenm.202000478
Experimental,10.1002_aenm.202003192.pdf,10.1002/aenm.202003192,10.1002/aenm.202003192
Experimental,10.1002_aenm.202200067.pdf,10.1002/aenm.202200067,10.1002/aenm.202200067
Experimental,10.1002_aenm.202301438.pdf,10.1002/aenm.202301438,10.1002/aenm.202301438
Experimental,10.1002_aenm.202403889.pdf,10.1002/aenm.202403889,10.1002/aenm.202403889
Experimental,10.1002_ange.201509758..pdf,10.1002/ange.201509758,10.1002/ange.201509758
Experimental,10.1002_anie.201407031.pdf,10.1002/anie.201407031,10.1002/anie.201407031
Experimental,10.1002_anie.201602237.pdf,10.1002/anie.201602237,10.1002/anie.201602237
Experimental,10.1002_anie.201604372.pdf,10.1002/anie.201604372,10.1002/anie.201604372
Experimental,10.1002_anie.201812475.pdf,10.1002/anie.201812475,10.1002/anie.201812475
Experimental,10.1002_anie.201904614.pdf,10.1002/anie.201904614,10.1002/anie.201904614
Experimental,10.1002_anie.201907017.pdf,10.1002/anie.201907017,10.1002/anie.201907017
Experimental,10.1002_anie.202006756.pdf,10.1002/anie.202006756,10.1002/anie.202006756
Experimental,10.1002_anie.202014362.pdf,10.1002/anie.202014362,10.1002/anie.202014362
Experimental,10.1002_asia.201800003.pdf,10.1002/asia.201800003,10.1002/asia.201800003
Experimental,10.1002_bte2.20220057.pdf,10.1002/bte2.20220057,10.1002/bte2.20220057
Experimental,10.1002_cctc.201701680.pdf,10.1002/cctc.201701680,10.1002/cctc.201701680
Experimental,10.1002_cctc.201801541.pdf,10.1002/cctc.201801541,10.1002/cctc.201801541
Experimental,10.1002_cctc.202000388.pdf,10.1002/cctc.202000388,10.1002/cctc.202000388
Experimental,10.1002_celc.201900448.pdf,10.1002/celc.201900448,10.1002/celc.201900448
Experimental,10.1002_celc.201901870.pdf,10.1002/celc.201901870,10.1002/celc.201901870
Experimental,10.1002_cey2.528.pdf,10.1002/cey2.528,10.1002/cey2.528
Experimental,10.1002_cey2.79.pdf,10.1002/cey2.79,10.1002/cey2.79
Experimental,10.1002_chem.201605343.pdf,10.1002/chem.201605343,10.1002/chem.201605343
Experimental,10.1002_chem.201704158.pdf,10.1002/chem.201704158,10.1002/chem.201704158
Experimental,10.1002_chem.201905063.pdf,10.1002/chem.201905063,10.1002/chem.201905063
Experimental,10.1002_cnma.201900613.pdf,10.1002/cnma.201900613,10.1002/cnma.201900613
Experimental,10.1002_cphc.200500663.pdf,10.1002/cphc.200500663,10.1002/cphc.200500663
Experimental,10.1002_cssc.201501581.pdf,10.1002/cssc.201501581,10.1002/cssc.201501581
Experimental,10.1002_cssc.201803032.pdf,10.1002/cssc.201803032,10.1002/cssc.201803032
Experimental,10.1002_cssc.201901811.pdf,10.1002/cssc.201901811,10.1002/cssc.201901811
Experimental,10.1002_cssc.201903222.pdf,10.1002/cssc.201903222,10.1002/cssc.201903222
Experimental,10.1002_eem2.12184.pdf,10.1002/eem2.12184,10.1002/eem2.12184
Experimental,10.1002_eem2.12290.pdf,10.1002/eem2.12290,10.1002/eem2.12290
Experimental,10.1002_slct.201904506.pdf,10.1002/slct.201904506,10.1002/slct.201904506
Experimental,10.1002_smll.201601168.pdf,10.1002/smll.201601168,10.1002/smll.201601168
Experimental,10.1002_smll.201603706.pdf,10.1002/smll.201603706,10.1002/smll.201603706
Experimental,10.1002_smll.201703323.pdf,10.1002/smll.201703323,10.1002/smll.201703323
Experimental,10.1002_smll.201704227.pdf,10.1002/smll.201704227,10.1002/smll.201704227
Experimental,10.1002_smll.201804212.pdf,10.1002/smll.201804212,10.1002/smll.201804212
Experimental,10.1002_smll.201805435.pdf,10.1002/smll.201805435,10.1002/smll.201805435
Experimental,10.1002_smll.202101312.pdf,10.1002/smll.202101312,10.1002/smll.202101312
Experimental,10.1002_smll.202106592.pdf,10.1002/smll.202106592,10.1002/smll.202106592
Experimental,10.1002_smll.202200622.pdf,10.1002/smll.202200622,10.1002/smll.202200622
Experimental,10.1002_smll.202207044.pdf,10.1002/smll.202207044,10.1002/smll.202207044
Experimental,10.1002_smsc.202100122.pdf,10.1002/smsc.202100122,10.1002/smsc.202100122
Experimental,10.1007_s11814-024-00231-0.pdf,10.1007/s11814-024-00231-0,10.1007/s11814-024-00231-0
Experimental,10.1007_s12274-021-3873-2.pdf,10.1007/s12274-021-3873-2,10.1007/s12274-021-3873-2
Experimental,10.1007_s12274-021-3898-6.pdf,10.1007/s12274-021-3898-6,10.1007/s12274-021-3545-2
Experimental,10.1007_s12274-022-4501-5.pdf,10.1007/s12274-022-4501-5,10.1007/s12274-022-4501-5
Experimental,10.1007_s12274-022-4855-8.pdf,10.1007/s12274-022-4855-8,10.1007/s12274-022-4855-8
Experimental,10.1016_j.apcata.2018.09.008.pdf,10.1016/j.apcata.2018.09.008,10.1016/j.apcata.2018.09.008
Experimental,10.1016_j.apcatb.2018.10.041.pdf,10.1016/j.apcatb.2018.10.041,10.1016/j.apcatb.2018.10.041
Experimental,10.1016_j.apcatb.2019.04.028.pdf,10.1016/j.apcatb.2019.04.028,10.1016/j.apcatb.2019.04.028
Experimental,10.1016_j.apcatb.2019.118358.pdf,10.1016/j.apcatb.2019.118358,10.1016/j.apcatb.2019.118358
Experimental,10.1016_j.apcatb.2020.118643.pdf,10.1016/j.apcatb.2020.118643,10.1016/j.apcatb.2020.118643
Experimental,10.1016_j.apcatb.2021.119897.pdf,10.1016/j.apcatb.2021.119897,10.1016/j.apcatb.2021.119897
Experimental,10.1016_j.apcatb.2022.121318.pdf,10.1016/j.apcatb.2022.121318,10.1016/j.apcatb.2022.121318
Experimental,10.1016_j.apcatb.2022.121534.pdf,10.1016/j.apcatb.2022.121534,10.1016/j.apcatb.2022.121534
Experimental,10.1016_j.apcatb.2024.123741.pdf,10.1016/j.apcatb.2024.123741,10.1016/j.apcatb.2024.123741
Experimental,10.1016_j.apsusc.2017.06.223.pdf,10.1016/j.apsusc.2017.06.223,10.1016/j.apsusc.2017.06.223
Experimental,10.1016_j.apsusc.2021.150210.pdf,10.1016/j.apsusc.2021.150210,10.1016/j.apsusc.2021.150210
Experimental,10.1016_j.cbpa.2019.04.025.pdf,10.1016/j.cbpa.2019.04.025,10.1016/j.cbpa.2019.04.025
Experimental,10.1016_j.cclet.2024.110467.pdf,10.1016/j.cclet.2024.110467,10.1016/j.cclet.2024.110467
Experimental,10.1016_j.ccr.2024.215837.pdf,10.1016/j.ccr.2024.215837,10.1016/j.ccr.2024.215837
Experimental,10.1016_j.cej.2020.126530.pdf,10.1016/j.cej.2020.126530,10.1016/j.cej.2020.126530
Experimental,10.1016_j.cej.2020.127630.pdf,10.1016/j.cej.2020.127630,10.1016/j.cej.2020.127630
Experimental,10.1016_j.cej.2021.128567.pdf,10.1016/j.cej.2021.128567,10.1016/j.cej.2021.128567
Experimental,10.1016_j.cej.2021.131309.pdf,10.1016/j.cej.2021.131309,10.1016/j.cej.2021.131309
Experimental,10.1016_j.cej.2021.134072.pdf,10.1016/j.cej.2021.134072,10.1016/j.cej.2021.134072
Experimental,10.1016_j.cej.2023.142705.pdf,10.1016/j.cej.2023.142705,10.1016/j.cej.2023.142705
Experimental,10.1016_j.cej.2024.152721.pdf,10.1016/j.cej.2024.152721,10.1016/j.cej.2024.152721
Experimental,10.1016_j.cej.2024.158217.pdf,10.1016/j.cej.2024.158217,10.1016/j.cej.2024.158217
Experimental,10.1016_j.chempr.2018.02.023.pdf,10.1016/j.chempr.2018.02.023,10.1016/j.chempr.2018.02.023
Experimental,10.1016_j.chempr.2018.11.010.pdf,10.1016/j.chempr.2018.11.010,10.1016/j.chempr.2018.11.010
Experimental,10.1016_j.electacta.2018.03.097.pdf,10.1016/j.electacta.2018.03.097,10.1016/j.electacta.2018.03.097
Experimental,10.1016_j.electacta.2018.03.151.pdf,10.1016/j.electacta.2018.03.151,10.1016/j.electacta.2018.03.151
Experimental,10.1016_j.electacta.2018.10.089.pdf,10.1016/j.electacta.2018.10.089,10.1016/j.electacta.2018.10.089
Experimental,10.1016_j.electacta.2019.03.179.pdf,10.1016/j.electacta.2019.03.179,10.1016/j.electacta.2019.03.179
Experimental,10.1016_j.electacta.2019.134976.pdf,10.1016/j.electacta.2019.134976,10.1016/j.electacta.2019.134976
Experimental,10.1016_j.electacta.2020.135885.pdf,10.1016/j.electacta.2020.135885,10.1016/j.electacta.2020.135885
Experimental,10.1016_j.electacta.2020.136339.pdf,10.1016/j.electacta.2020.136339,10.1016/j.electacta.2020.136339
Experimental,10.1016_j.electacta.2020.136598.pdf,10.1016/j.electacta.2020.136598,10.1016/j.electacta.2020.136598
Experimental,10.1016_j.electacta.2023.142119.pdf,10.1016/j.electacta.2023.142119,10.1016/j.electacta.2023.142119
Experimental,10.1016_j.ensm.2021.07.048.pdf,10.1016/j.ensm.2021.07.048,10.1016/j.ensm.2021.07.048
Experimental,10.1016_j.fuel.2024.131442.pdf,10.1016/j.fuel.2024.131442,10.1016/j.fuel.2024.131442
Experimental,10.1016_j.heliyon.2023.e23450.pdf,10.1016/j.heliyon.2023.e23450,10.1016/j.heliyon.2023.e23450
Experimental,10.1016_j.ijhydene.2017.09.171.pdf,10.1016/j.ijhydene.2017.09.171,10.1016/j.ijhydene.2017.09.171
Experimental,10.1016_j.ijhydene.2017.11.102.pdf,10.1016/j.ijhydene.2017.11.102,10.1016/j.ijhydene.2017.11.102
Experimental,10.1016_j.ijhydene.2018.06.122.pdf,10.1016/j.ijhydene.2018.06.122,10.1016/j.ijhydene.2018.06.122
Experimental,10.1016_j.ijhydene.2018.11.182.pdf,10.1016/j.ijhydene.2018.11.182,10.1016/j.ijhydene.2018.11.182
Experimental,10.1016_j.ijhydene.2019.08.028.pdf,10.1016/j.ijhydene.2019.08.028,10.1016/j.ijhydene.2019.08.028
Experimental,10.1016_j.ijhydene.2020.10.046 .pdf,10.1016/j.ijhydene.2020.10.046 ,10.1016/j.ijhydene.2020.10.046
Experimental,10.1016_j.ijhydene.2024.01.222.pdf,10.1016/j.ijhydene.2024.01.222,10.1016/j.ijhydene.2024.01.222
Experimental,10.1016_j.ijhydene.2024.09.265.pdf,10.1016/j.ijhydene.2024.09.265,10.1016/j.ijhydene.2024.09.265
Experimental,10.1016_j.ijhydene.2024.11.422.pdf,10.1016/j.ijhydene.2024.11.422,10.1016/j.ijhydene.2024.11.422
Experimental,10.1016_j.ijhydene.2024.11.433.pdf,10.1016/j.ijhydene.2024.11.433,10.1016/j.ijhydene.2024.11.433
Experimental,10.1016_j.ijhydene.2024.11.481.pdf,10.1016/j.ijhydene.2024.11.481,10.1016/j.ijhydene.2024.11.481
Experimental,10.1016_j.ijoes.2024.100740.pdf,10.1016/j.ijoes.2024.100740,10.1016/j.ijoes.2024.100740
Experimental,10.1016_j.jallcom.2020.154745.pdf,10.1016/j.jallcom.2020.154745,10.1016/j.jallcom.2020.154745
Experimental,10.1016_j.jallcom.2020.156588.pdf,10.1016/j.jallcom.2020.156588,10.1016/j.jallcom.2020.156588
Experimental,10.1016_j.jallcom.2021.160833.pdf,10.1016/j.jallcom.2021.160833,10.1016/j.jallcom.2021.160833
Experimental,10.1016_j.jallcom.2022.164603.pdf,10.1016/j.jallcom.2022.164603,10.1016/j.jallcom.2022.164603
Experimental,10.1016_j.jallcom.2024.174128.pdf,10.1016/j.jallcom.2024.174128,10.1016/j.jallcom.2024.174128
Experimental,10.1016_j.jcis.2019.08.041.pdf,10.1016/j.jcis.2019.08.041,10.1016/j.jcis.2019.08.041
Experimental,10.1016_j.jcis.2023.04.001.pdf,10.1016/j.jcis.2023.04.001,10.1016/j.jcis.2023.04.001
Experimental,10.1016_j.jcis.2024.08.009.pdf,10.1016/j.jcis.2024.08.009,10.1016/j.jcis.2024.08.009
Experimental,10.1016_j.jechem.2019.01.017.pdf,10.1016/j.jechem.2019.01.017,10.1016/j.jechem.2019.01.017
Experimental,10.1016_j.jechem.2020.02.002.pdf,10.1016/j.jechem.2020.02.002,10.1016/j.jechem.2020.02.002
Experimental,10.1016_j.jechem.2023.01.064.pdf,10.1016/j.jechem.2023.01.064,10.1016/j.jechem.2023.01.064
Experimental,10.1016_j.jmst.2023.11.041.pdf,10.1016/j.jmst.2023.11.041,10.1016/j.jmst.2023.11.041
Experimental,10.1016_j.jmst.2024.03.046.pdf,10.1016/j.jmst.2024.03.046,10.1016/j.jmst.2024.03.046
Experimental,10.1016_j.joule.2021.05.018.pdf,10.1016/j.joule.2021.05.018,10.1016/j.joule.2021.05.018
Experimental,10.1016_j.matlet.2018.09.019.pdf,10.1016/j.matlet.2018.09.019,10.1016/j.matlet.2018.09.019
Experimental,10.1016_j.mattod.2018.01.034.pdf,10.1016/j.mattod.2018.01.034,10.1016/j.mattod.2018.01.034
Experimental,10.1016_j.mtadv.2024.100488.pdf,10.1016/j.mtadv.2024.100488,10.1016/j.mtadv.2024.100488
Experimental,10.1016_j.mtchem.2024.102464.pdf,10.1016/j.mtchem.2024.102464,10.1016/j.mtchem.2024.102464
Experimental,10.1016_j.mtener.2019.04.009.pdf,10.1016/j.mtener.2019.04.009,10.1016/j.mtener.2019.04.009
Experimental,10.1016_j.mtener.2021.100668.pdf,10.1016/j.mtener.2021.100668,10.1016/j.mtener.2021.100668
Experimental,10.1016_j.mtener.2021.100877.pdf,10.1016/j.mtener.2021.100877,10.1016/j.mtener.2021.100877
Experimental,10.1016_j.mtnano.2021.100111.pdf,10.1016/j.mtnano.2021.100111,10.1016/j.mtnano.2021.100111
Experimental,10.1016_j.mtnano.2021.100156.pdf,10.1016/j.mtnano.2021.100156,10.1016/j.mtnano.2021.100156
Experimental,10.1016_j.mtsust.2024.100677.pdf,10.1016/j.mtsust.2024.100677,10.1016/j.mtsust.2024.100677
Experimental,10.1016_j.nanoen.2017.03.016.pdf,10.1016/j.nanoen.2017.03.016,10.1016/j.nanoen.2017.03.016
Experimental,10.1016_j.nanoen.2018.03.034.pdf,10.1016/j.nanoen.2018.03.034,10.1016/j.nanoen.2018.03.034
Experimental,10.1016_j.nanoen.2019.04.050.pdf,10.1016/j.nanoen.2019.04.050,10.1016/j.nanoen.2019.04.050
Experimental,10.1016_j.nanoen.2019.05.034.pdf,10.1016/j.nanoen.2019.05.034,10.1016/j.nanoen.2019.05.034
Experimental,10.1016_j.nanoen.2019.103880.pdf,10.1016/j.nanoen.2019.103880,10.1016/j.nanoen.2019.103880
Experimental,10.1016_j.nanoen.2020.105080.pdf,10.1016/j.nanoen.2020.105080,10.1016/j.nanoen.2020.105080
Experimental,10.1016_j.nanoen.2020.105234.pdf,10.1016/j.nanoen.2020.105234,10.1016/j.nanoen.2020.105234
Experimental,10.1016_j.nanoen.2021.105750.pdf,10.1016/j.nanoen.2021.105750,10.1016/j.nanoen.2021.105750
Experimental,10.1016_j.nanoen.2024.109997.pdf,10.1016/j.nanoen.2024.109997,10.1016/j.nanoen.2024.109997
Experimental,10.1016_j.pmatsci.2024.101254.pdf,10.1016/j.pmatsci.2024.101254,10.1016/j.pmatsci.2024.101254
Experimental,10.1016_j.scib.2019.12.020.pdf,10.1016/j.scib.2019.12.020,10.1016/j.scib.2019.12.020
Experimental,10.1021_accountsmr.1c00115.pdf,10.1021/accountsmr.1c00115,10.1021/accountsmr.1c00115
Experimental,10.1021_acs.accounts.0c00127.pdf,10.1021/acs.accounts.0c00127,10.1021/acs.accounts.0c00127
Experimental,10.1021_acs.chemmater.8b03620.pdf,10.1021/acs.chemmater.8b03620,10.1021/acs.chemmater.8b03620
Experimental,10.1021_acs.chemmater.9b02011.pdf,10.1021/acs.chemmater.9b02011,10.1021/acs.chemmater.9b02011
Experimental,10.1021_acs.inorgchem.1c01694.pdf,10.1021/acs.inorgchem.1c01694,10.1021/acs.inorgchem.1c01694
Experimental,10.1021_acs.jpcc.0c11552.pdf,10.1021/acs.jpcc.0c11552,10.1021/acs.jpcc.0c11552
Experimental,10.1021_acs.jpcc.8b11712.pdf,10.1021/acs.jpcc.8b11712,10.1021/acs.jpcc.8b11712
Experimental,10.1021_acs.nanolett.0c00127.pdf,10.1021/acs.nanolett.0c00127,10.1021/acs.nanolett.0c00127
Experimental,10.1021_acs.nanolett.0c02007.pdf,10.1021/acs.nanolett.0c02007,10.1021/acs.nanolett.0c02007
Experimental,10.1021_acs.nanolett.2c01124.pdf,10.1021/acs.nanolett.2c01124,10.1021/acs.nanolett.2c01124
Experimental,10.1021_acsaem.0c02509.pdf,10.1021/acsaem.0c02509,10.1021/acsaem.0c02509
Experimental,10.1021_acsaem.8b00691.pdf,10.1021/acsaem.8b00691,10.1021/acsaem.8b00691
Experimental,10.1021_acsaem.8b00875.pdf,10.1021/acsaem.8b00875,10.1021/acsaem.8b00875
Experimental,10.1021_acsaem.8b01528.pdf,10.1021/acsaem.8b01528,10.1021/acsaem.8b01528
Experimental,10.1021_acsaem.9b00629.pdf,10.1021/acsaem.9b00629,10.1021/acsaem.9b00629
Experimental,10.1021_acsami.0c00983.pdf,10.1021/acsami.0c00983,10.1021/acsami.0c00983
Experimental,10.1021_acsami.0c01303.pdf,10.1021/acsami.0c01303,10.1021/acsami.0c01303
Experimental,10.1021_acsami.0c08358.pdf,10.1021/acsami.0c08358,10.1021/acsami.0c08358
Experimental,10.1021_acsami.5b08420.pdf,10.1021/acsami.5b08420,10.1021/acsami.5b08420
Experimental,10.1021_acsami.6b06031.pdf,10.1021/acsami.6b06031,10.1021/acsami.6b06031
Experimental,10.1021_acsami.8b16425.pdf,10.1021/acsami.8b16425,10.1021/acsami.8b16425
Experimental,10.1021_acsami.9b04528.pdf,10.1021/acsami.9b04528,10.1021/acsami.9b04528
Experimental,10.1021_acsami.9b05670.pdf,10.1021/acsami.9b05670,10.1021/acsami.9b05670
Experimental,10.1021_acsami.9b07856.pdf,10.1021/acsami.9b07856,10.1021/acsami.9b07856
Experimental,10.1021_acsami.9b11287.pdf,10.1021/acsami.9b11287,10.1021/acsami.9b11287
Experimental,10.1021_acscatal.0c04656.pdf,10.1021/acscatal.0c04656,10.1021/acscatal.0c04656
Experimental,10.1021_acscatal.6b01274.pdf,10.1021/acscatal.6b01274,10.1021/acscatal.6b01274
Experimental,10.1021_acscatal.6b02573.pdf,10.1021/acscatal.6b02573,10.1021/acscatal.6b02573
Experimental,10.1021_acscatal.7b00555.pdf,10.1021/acscatal.7b00555,10.1021/acscatal.7b00555
Experimental,10.1021_acscatal.8b00413.pdf,10.1021/acscatal.8b00413,10.1021/acscatal.8b00413
Experimental,10.1021_acscatal.8b02901.pdf,10.1021/acscatal.8b02901,10.1021/acscatal.8b02901
Experimental,10.1021_acscatal.9b00648.pdf,10.1021/acscatal.9b00648,10.1021/acscatal.9b00648
Experimental,10.1021_acscatal.9b02457.pdf,10.1021/acscatal.9b02457,10.1021/acscatal.9b02457
Experimental,10.1021_acscatal.9b03623.pdf,10.1021/acscatal.9b03623,10.1021/acscatal.9b03623
Experimental,10.1021_acscatal.9b05611.pdf,10.1021/acscatal.9b05611,10.1021/acscatal.9b05611
Experimental,10.1021_acsenergylett.6b00247.pdf,10.1021/acsenergylett.6b00247,10.1021/acsenergylett.6b00247
Experimental,10.1021_acsenergylett.7b00111.pdf,10.1021/acsenergylett.7b00111,
Experimental,10.1021_acsenergylett.8b01840.pdf,10.1021/acsenergylett.8b01840,10.1021/acsenergylett.8b01840
Experimental,10.1021_acsenergylett.9b00348.pdf,10.1021/acsenergylett.9b00348,10.1021/acsenergylett.9b00348
Experimental,10.1021_acsnano.1c03766.pdf,10.1021/acsnano.1c03766,10.1021/acsnano.1c03766
Experimental,10.1021_acsnano.4c06341.pdf,10.1021/acsnano.4c06341,10.1021/acsnano.4c06341
Experimental,10.1021_acsnano.7b01409.pdf,10.1021/acsnano.7b01409,10.1021/acsnano.7b01409
Experimental,10.1021_acsnano.7b05050.pdf,10.1021/acsnano.7b05050,10.1021/acsnano.7b05050
Experimental,10.1021_acsnano.8b02849.pdf,10.1021/acsnano.8b02849,10.1021/acsnano.8b02849
Experimental,10.1021_acsnano.9b06244.pdf,10.1021/acsnano.9b06244,10.1021/acsnano.9b06244
Experimental,10.1021_acsnano.9b07324.pdf,10.1021/acsnano.9b07324,10.1021/acsnano.9b07324
Experimental,10.1021_acsomega.6b00366.pdf,10.1021/acsomega.6b00366,10.1021/acsomega.6b00366
Experimental,10.1021_acssuschemeng.6b00383.pdf,10.1021/acssuschemeng.6b00383,10.1021/acssuschemeng.6b00383
Experimental,10.1021_acssuschemeng.9b03982.pdf,10.1021/acssuschemeng.9b03982,10.1021/acssuschemeng.9b03982
Experimental,10.1021_cs501970w.pdf,10.1021/cs501970w,10.1021/cs501970w
Experimental,10.1021_ja307507a.pdf,10.1021/ja307507a,10.1021/ja307507a
Experimental,10.1021_ja408329q.pdf,10.1021/ja408329q,10.1021/ja408329q
Experimental,10.1021_ja511559d.pdf,10.1021/ja511559d,10.1021/ja511559d
Experimental,10.1021_jacs.0c04867.pdf,10.1021/jacs.0c04867,10.1021/jacs.0c04867
Experimental,10.1021_jacs.0c05050.pdf,10.1021/jacs.0c05050,10.1021/jacs.0c05050
Experimental,10.1021_jacs.1c04682.pdf,10.1021/jacs.1c04682,10.1021/jacs.1c04682
Experimental,10.1021_jacs.5b07756.pdf,10.1021/jacs.5b07756,10.1021/jacs.5b07756
Experimental,10.1021_jacs.6b11291.pdf,10.1021/jacs.6b11291,10.1021/jacs.6b11291
Experimental,10.1021_jacs.7b03507.pdf,10.1021/jacs.7b03507,10.1021/jacs.7b03507
Experimental,10.1021_jacs.7b08881.pdf,10.1021/jacs.7b08881,10.1021/jacs.7b08881
Experimental,10.1021_jacs.8b11456.pdf,10.1021/jacs.8b11456,10.1021/jacs.8b11456
Experimental,10.1021_jacs.9b02578.pdf,10.1021/jacs.9b02578,10.1021/jacs.9b02578
Experimental,10.1021_jacs.9b12642.pdf,10.1021/jacs.9b12642,10.1021/jacs.9b12642
Experimental,10.1021_nl403661s.pdf,10.1021/nl403661s,10.1021/nl403661s
Experimental,10.1038_NENERGY.2016.130.pdf,10.1038/NENERGY.2016.130,10.1038/nenergy.2016.130
Experimental,10.1038_nchem.1589.pdf,10.1038/nchem.1589,10.1038/nchem.1589
Experimental,10.1038_ncomms15113.pdf,10.1038/ncomms15113,10.1038/ncomms15113
Experimental,10.1038_ncomms7616.pdf,10.1038/ncomms7616,10.1038/ncomms7616
Experimental,10.1038_ncomms9311.pdf,10.1038/ncomms9311,10.1038/ncomms9311
Experimental,10.1038_nenergy.2016.130(1).pdf,10.1038/nenergy.2016.130,10.1038/nenergy.2016.130
Experimental,10.1038_nmat3700.pdf,10.1038/nmat3700,10.1038/nmat3700
Experimental,10.1038_nnano.2015.340.pdf,10.1038/nnano.2015.340,10.1038/nnano.2015.340
Experimental,10.1038_s41467-018-04888-0.pdf,10.1038/s41467-018-04888-0,10.1038/s41467-018-04888-0
Experimental,10.1038_s41467-019-09339-y.pdf,10.1038/s41467-019-09339-y,10.1038/s41467-019-09339-y
Experimental,10.1038_s41467-019-12859-2.pdf,10.1038/s41467-019-12859-2,10.1038/s41467-019-12859-2
Experimental,10.1038_s41467-019-12885-0.pdf,10.1038/s41467-019-12885-0,10.1038/s41467-019-12885-0
Experimental,10.1038_s41467-019-13375-z.pdf,10.1038/s41467-019-13375-z,10.1038/s41467-019-13375-z
Experimental,10.1038_s41467-019-13415-8.pdf,10.1038/s41467-019-13415-8,10.1038/s41467-019-13415-8
Experimental,10.1038_s41467-020-14917-6.pdf,10.1038/s41467-020-14917-6,10.1038/s41467-020-14917-6
Experimental,10.1038_s41467-020-16558-1.pdf,10.1038/s41467-020-16558-1,10.1038/s41467-020-16558-1
Experimental,10.1038_s41467-020-16769-6.pdf,10.1038/s41467-020-16769-6,10.1038/s41467-020-16769-6
Experimental,10.1038_s41467-021-23306-6.pdf,10.1038/s41467-021-23306-6,10.1038/s41467-021-23306-6
Experimental,10.1038_s41467-021-24079-8.pdf,10.1038/s41467-021-24079-8,10.1038/s41467-021-24079-8
Experimental,10.1038_s41467-022-33007-3.pdf,10.1038/s41467-022-33007-3,10.1038/s41467-022-33007-3
Experimental,10.1038_s41467-023-37597-4.pdf,10.1038/s41467-023-37597-4,10.1038/s41467-023-37597-4
Experimental,10.1038_s41557-018-0136-2.pdf,10.1038/s41557-018-0136-2,10.1038/s41557-018-0136-2
Experimental,10.1038_s41560-019-0462-7.pdf,10.1038/s41560-019-0462-7,10.1038/s41560-019-0462-7
Experimental,10.1038_s41563-023-01767-y.pdf,10.1038/s41563-023-01767-y,10.1038/s41563-023-01767-y
Experimental,10.1038_s41699-021-00239-8.pdf,10.1038/s41699-021-00239-8,10.1038/s41699-021-00239-8
Experimental,10.1038_s41929-018-0181-7.pdf,10.1038/s41929-018-0181-7,10.1038/s41929-018-0181-7
Experimental,10.1038_s41929-018-0195-1.pdf,10.1038/s41929-018-0195-1,10.1038/s41929-018-0195-1
Experimental,10.1038_s41929-019-0365-9.pdf,10.1038/s41929-019-0365-9,10.1038/s41929-019-0365-9
Experimental,10.1039_B803857K.pdf,10.1039/B803857K,10.1039/b814058h
Experimental,10.1039_C3CS60468C.pdf,10.1039/C3CS60468C,10.1039/c3cs60468c
Experimental,10.1039_C4TA00458B.pdf,10.1039/C4TA00458B,10.1039/c4ta00458b
Experimental,10.1039_C5CC01080B.pdf,10.1039/C5CC01080B,10.1039/c5cc01080b
Experimental,10.1039_C5CC01981H.pdf,10.1039/C5CC01981H,10.1039/c5cc01981h
Experimental,10.1039_C5CC06847A.pdf,10.1039/C5CC06847A,10.1039/c5cc06847a
Experimental,10.1039_C5EE00751H.pdf,10.1039/C5EE00751H,10.1039/c5ee00751h
Experimental,10.1039_C5NR05739F.pdf,10.1039/C5NR05739F,10.1039/c5nr05739f
Experimental,10.1039_C5NR07370G.pdf,10.1039/C5NR07370G,10.1039/c5nr07370g
Experimental,10.1039_C5QI00126A.pdf,10.1039/C5QI00126A,10.1039/c5qi00126a
Experimental,10.1039_C6EE01109H.pdf,10.1039/C6EE01109H,10.1039/c6ee01109h
Experimental,10.1039_C6RA02610A.pdf,10.1039/C6RA02610A,10.1039/c6ra02610a
Experimental,10.1039_C6TA02216B.pdf,10.1039/C6TA02216B,10.1039/c6ta02216b
Experimental,10.1039_C6TA04082A.pdf,10.1039/C6TA04082A,10.1039/c6ta04082a
Experimental,10.1039_C6TA08075H.pdf,10.1039/C6TA08075H,10.1039/c6ta08075h
Experimental,10.1039_C7NH00079K.pdf,10.1039/C7NH00079K,10.1039/c7nh00079k
Experimental,10.1039_C7NR09424H.pdf,10.1039/C7NR09424H,10.1039/c7nr09424h
Experimental,10.1039_C7QI00432J.pdf,10.1039/C7QI00432J,10.1039/c7qi00432j
Experimental,10.1039_C7QI00780A.pdf,10.1039/C7QI00780A,10.1039/c7qi00780a
Experimental,10.1039_C7QM00452D.pdf,10.1039/C7QM00452D,10.1039/c7qm00452d
Experimental,10.1039_C7TA02327H.pdf,10.1039/C7TA02327H,10.1039/c7ta02327h
Experimental,10.1039_C7TA02333B.pdf,10.1039/C7TA02333B,10.1039/c7ta02333b
Experimental,10.1039_C7TA07956G.pdf,10.1039/C7TA07956G,10.1039/c7ta07956g
Experimental,10.1039_C7TA09982G.pdf,10.1039/C7TA09982G,10.1039/c7ta09982g
Experimental,10.1039_C8CC00766G.pdf,10.1039/C8CC00766G,10.1039/c8cc00766g
Experimental,10.1039_C8EE00402A.pdf,10.1039/C8EE00402A,10.1039/c8ee00402a
Experimental,10.1039_C8EE01111G.pdf,10.1039/C8EE01111G,10.1039/c8ee01111g
Experimental,10.1039_C8NR07787H.pdf,10.1039/C8NR07787H,10.1039/c8nr07787h
Experimental,10.1039_C8NR10023C.pdf,10.1039/C8NR10023C,10.1039/c8nr10023c
Experimental,10.1039_C8QI01104D.pdf,10.1039/C8QI01104D,10.1039/c8qi01104d
Experimental,10.1039_C8TA00163D.pdf,10.1039/C8TA00163D,10.1039/c8ta00163d
Experimental,10.1039_C8TA06918B.pdf,10.1039/C8TA06918B,10.1039/c8ta06918b
Experimental,10.1039_C8TA07950A.pdf,10.1039/C8TA07950A,10.1039/c8ta07950a
Experimental,10.1039_C8TA11250A.pdf,10.1039/C8TA11250A,10.1039/c8ta11250a
Experimental,10.1039_C9CY00302A.pdf,10.1039/C9CY00302A,10.1039/c9cy00302a
Experimental,10.1039_C9NA00568D .pdf,10.1039/C9NA00568D ,10.1039/c9na00568d
Experimental,10.1039_C9NJ05229A.pdf,10.1039/C9NJ05229A,10.1039/c9nj05229a
Experimental,10.1039_C9RA03589C.pdf,10.1039/C9RA03589C,10.1039/c9ra03589c
Experimental,10.1039_C9TA01015G.pdf,10.1039/C9TA01015G,10.1039/c9ta01015g
Experimental,10.1039_C9TA01088B .pdf,10.1039/C9TA01088B ,10.1039/c9ta01088b
Experimental,10.1039_C9TA01088B.pdf,10.1039/C9TA01088B,10.1039/c9ta01088b
Experimental,10.1039_C9TA08447A.pdf,10.1039/C9TA08447A,10.1039/c9ta08447a
Experimental,10.1039_C9TA10990K.pdf,10.1039/C9TA10990K,10.1039/c9ta10990k
Experimental,10.1039_C9TA13476J.pdf,10.1039/C9TA13476J,10.1039/c9ta13476j
Experimental,10.1039_D0TA03272G.pdf,10.1039/D0TA03272G,10.1039/d0ta03272g
Experimental,10.1039_D0TA10815D.pdf,10.1039/D0TA10815D,10.1039/d0ta10815d
Experimental,10.1039_D3EE02467A.pdf,10.1039/D3EE02467A,10.1039/d3ee02467a
Experimental,10.1039_c4cs00470a.pdf,10.1039/c4cs00470a,10.1039/c4cs00470a
Experimental,10.1039_c4nr03037k.pdf,10.1039/c4nr03037k,10.1039/c4nr03037k
Experimental,10.1039_c4ta04867a.pdf,10.1039/c4ta04867a,10.1039/c4ta04867a
Experimental,10.1039_c5cp01065a.pdf,10.1039/c5cp01065a,10.1039/c5cp01065a
Experimental,10.1039_c5ee01155h.pdf,10.1039/c5ee01155h,10.1039/c5ee01155h
Experimental,10.1039_c6ta00575f.pdf,10.1039/c6ta00575f,10.1039/c6ta00575f
Experimental,10.1039_c7ee03457a.pdf,10.1039/c7ee03457a,10.1039/c7ee03457a
Experimental,10.1039_c7ta08327k.pdf,10.1039/c7ta08327k,10.1039/c7ta08327k
Experimental,10.1039_c8cc09699f.pdf,10.1039/c8cc09699f,10.1039/c8cc09699f
Experimental,10.1039_c8ee00076j.pdf,10.1039/c8ee00076j,10.1039/c8ee00076j
Experimental,10.1039_c8ee00521d.pdf,10.1039/c8ee00521d,10.1039/c8ee00521d
Experimental,10.1039_c8ta08374f.pdf,10.1039/c8ta08374f,10.1039/c8ta08374f
Experimental,10.1039_c9ee02388g.pdf,10.1039/c9ee02388g,10.1039/c8ee03405b
Experimental,10.1039_d0ta05189f.pdf,10.1039/d0ta05189f,10.1039/d0ta05189f
Experimental,10.1039_d1ta03676a.pdf,10.1039/d1ta03676a,10.1039/d1ta03676a
Experimental,10.1039_d2qi01911f.pdf,10.1039/d2qi01911f,10.1039/d2qi01911f
Experimental,10.1039_d2ra07642j.pdf,10.1039/d2ra07642j,10.1039/d2ra07642j
Experimental,10.1063_1.5144626.pdf,10.1063/1.5144626,10.1063/1.5144626
Experimental,10.1073_pnas.2101817118.pdf,10.1073/pnas.2101817118,10.1073/pnas.2101817118
Experimental,10.1080_16583655.2022.2151298.pdf,10.1080/16583655.2022.2151298,10.1080/16583655.2022.2151298
Experimental,10.1126_science.1141483.pdf,10.1126/science.1141483,10.1039/b700099e
Experimental,10.1126_science.aaf1525.pdf,10.1126/science.aaf1525,10.1126/science.aaf1525
Experimental,10.31635_renewables.023.202200003.pdf,10.31635/renewables.023.202200003,10.31635/renewables.023.202200003
Experimental,10.3390_catal10111238.pdf,10.3390/catal10111238,10.3390/catal10111238
Experimental,10.3390_en16052441.pdf,10.3390/en16052441,10.3390/en16052441
Experimental,10.3390_ma11091520.pdf,10.3390/ma11091520,10.3390/ma11091520
Experimental,10.3390_mi12030240.pdf,10.3390/mi12030240,10.3390/mi12030240
Experimental,10.3390_molecules24244631.pdf,10.3390/molecules24244631,10.3390/molecules24244631
Experimental,10.3390_nano13172463.pdf,10.3390/nano13172463,10.3390/nano13172463
Experimental,10.3390_nano14080698.pdf,10.3390/nano14080698,10.3390/nano14080698
Experimental,10.3390_nano9050775.pdf,10.3390/nano9050775,10.3390/nano9050775
Teórico,10.1002_adfm.201803291.pdf,10.1002/adfm.201803291,10.1002/adfm.201803291
Teórico,10.1002_adfm.201905252.pdf,10.1002/adfm.201905252,10.1002/adfm.201905252
Teórico,10.1002_adfm.202000570.pdf,10.1002/adfm.202000570,10.1002/adfm.202000570
Teórico,10.1002_adma.201505597.pdf,10.1002/adma.201505597,10.1002/adma.201505597
Teórico,10.1002_celc.201700445.pdf,10.1002/celc.201700445,10.1002/celc.201700445
Teórico,10.1002_chem.201804686.pdf,10.1002/chem.201804686,10.1002/chem.201804686
Teórico,10.1002_chem.202102356.pdf,10.1002/chem.202102356,10.1021/acs.jpcc.4c00890
Teórico,10.1002_cphc.202200871.pdf,10.1002/cphc.202200871,10.1002/cphc.202200871
Teórico,10.1002_cphc.202300714.pdf,10.1002/cphc.202300714,10.1002/cphc.202300714
Teórico,10.1002_cssc.202400714.pdf,10.1002/cssc.202400714,10.1002/cssc.202400714
Teórico,10.1002_slct.202004026.pdf,10.1002/slct.202004026,10.1002/slct.202004026
Teórico,10.1002_smll.202308528.pdf,10.1002/smll.202308528,10.1002/smll.202308528
Teórico,10.1002_smll.202404000.pdf,10.1002/smll.202404000,10.1002/smll.202404000
Teórico,10.1002_wcms.1418.pdf,10.1002/wcms.1418,10.1002/wcms.1418
Teórico,10.1007_s11467-018-0812-0.pdf,10.1007/s11467-018-0812-0,10.1007/s11467-018-0812-0
Teórico,10.1007_s12274-022-4510-4.pdf,10.1007/s12274-022-4510-4,10.1007/s12274-022-4510-4
Teórico,10.1007_s12678-017-0383-9.pdf,10.1007/s12678-017-0383-9,10.1007/s12678-017-0383-9
Teórico,10.1016_S1381-1169(00)00404-0.pdf,10.1016/S1381-1169(00)00404-0,
Teórico,10.1016_S1872-2067(17)62760-8.pdf,10.1016/S1872-2067(17)62760-8,10.1016/s1872-2067(17)62760-8
Teórico,10.1016_j.apcatb.2019.118385.pdf,10.1016/j.apcatb.2019.118385,10.1016/j.apcatb.2019.118385
Teórico,10.1016_j.apsusc.2019.143987.pdf,10.1016/j.apsusc.2019.143987,10.1016/j.apsusc.2019.143987
Teórico,10.1016_j.apsusc.2020.147894.pdf,10.1016/j.apsusc.2020.147894,10.1016/j.apsusc.2020.147894
Teórico,10.1016_j.apsusc.2021.149627.pdf,10.1016/j.apsusc.2021.149627,10.1016/j.apsusc.2021.149627
Teórico,10.1016_j.apsusc.2021.150388.pdf,10.1016/j.apsusc.2021.150388,10.1016/j.apsusc.2021.150388
Teórico,10.1016_j.apsusc.2021.150568.pdf,10.1016/j.apsusc.2021.150568,10.1016/j.apsusc.2021.150568
Teórico,10.1016_j.apsusc.2021.151195.pdf,10.1016/j.apsusc.2021.151195,10.1016/j.apsusc.2021.151195
Teórico,10.1016_j.apsusc.2021.152197.pdf,10.1016/j.apsusc.2021.152197,10.1016/j.apsusc.2021.152197
Teórico,10.1016_j.apsusc.2022.155580.pdf,10.1016/j.apsusc.2022.155580,10.1016/j.apsusc.2022.155580
Teórico,10.1016_j.apsusc.2022.156255.pdf,10.1016/j.apsusc.2022.156255,10.1016/j.apsusc.2022.156255
Teórico,10.1016_j.cattod.2024.115142.pdf,10.1016/j.cattod.2024.115142,10.1016/j.cattod.2024.115142
Teórico,10.1016_j.colsurfa.2023.132857.pdf,10.1016/j.colsurfa.2023.132857,10.1016/j.colsurfa.2023.132857
Teórico,10.1016_j.colsurfa.2024.135001.pdf,10.1016/j.colsurfa.2024.135001,10.1016/j.colsurfa.2024.135001
Teórico,10.1016_j.commatsci.2023.112599.pdf,10.1016/j.commatsci.2023.112599,10.1016/j.commatsci.2023.112599
Teórico,10.1016_j.electacta.2016.04.128.pdf,10.1016/j.electacta.2016.04.128,10.1016/j.electacta.2016.04.128
Teórico,10.1016_j.flatc.2023.100486.pdf,10.1016/j.flatc.2023.100486,10.1016/j.flatc.2023.100486
Teórico,10.1016_j.ijhydene.2015.03.083.pdf,10.1016/j.ijhydene.2015.03.083,10.1016/j.ijhydene.2015.03.083
Teórico,10.1016_j.ijhydene.2018.01.122.pdf,10.1016/j.ijhydene.2018.01.122,10.1016/j.ijhydene.2018.01.122
Teórico,10.1016_j.ijhydene.2019.05.226.pdf,10.1016/j.ijhydene.2019.05.226,10.1016/j.ijhydene.2019.05.226
Teórico,10.1016_j.ijhydene.2019.07.093.pdf,10.1016/j.ijhydene.2019.07.093,10.1016/j.ijhydene.2019.07.093
Teórico,10.1016_j.ijhydene.2019.10.131.pdf,10.1016/j.ijhydene.2019.10.131,10.1016/j.ijhydene.2019.10.131
Teórico,10.1016_j.ijhydene.2020.04.092.pdf,10.1016/j.ijhydene.2020.04.092,10.1016/j.ijhydene.2020.04.092
Teórico,10.1016_j.ijhydene.2020.06.153.pdf,10.1016/j.ijhydene.2020.06.153,10.1016/j.ijhydene.2020.06.153
Teórico,10.1016_j.ijhydene.2020.11.008.pdf,10.1016/j.ijhydene.2020.11.008,10.1016/j.ijhydene.2020.11.008
Teórico,10.1016_j.ijhydene.2021.07.117.pdf,10.1016/j.ijhydene.2021.07.117,10.1016/j.ijhydene.2021.07.117
Teórico,10.1016_j.ijhydene.2022.04.058.pdf,10.1016/j.ijhydene.2022.04.058,10.1016/j.ijhydene.2022.04.058
Teórico,10.1016_j.ijhydene.2022.08.078.pdf,10.1016/j.ijhydene.2022.08.078,10.1016/j.ijhydene.2022.08.078
Teórico,10.1016_j.ijhydene.2022.10.250.pdf,10.1016/j.ijhydene.2022.10.250,10.1016/j.ijhydene.2022.10.250
Teórico,10.1016_j.ijhydene.2023.08.250.pdf,10.1016/j.ijhydene.2023.08.250,10.1016/j.ijhydene.2023.08.250
Teórico,10.1016_j.ijhydene.2023.10.032.pdf,10.1016/j.ijhydene.2023.10.032,10.1016/j.ijhydene.2023.10.032
Teórico,10.1016_j.ijhydene.2023.12.229.pdf,10.1016/j.ijhydene.2023.12.229,10.1016/j.ijhydene.2023.12.229
Teórico,10.1016_j.ijhydene.2024.02.142.pdf,10.1016/j.ijhydene.2024.02.142,10.1016/j.ijhydene.2024.02.142
Teórico,10.1016_j.ijhydene.2024.03.016.pdf,10.1016/j.ijhydene.2024.03.016,10.1016/j.ijhydene.2024.03.016
Teórico,10.1016_j.ijhydene.2024.05.172.pdf,10.1016/j.ijhydene.2024.05.172,10.1016/j.ijhydene.2024.05.172
Teórico,10.1016_j.ijhydene.2024.05.224.pdf,10.1016/j.ijhydene.2024.05.224,10.1016/j.ijhydene.2024.05.224
Teórico,10.1016_j.ijhydene.2024.09.457.pdf,10.1016/j.ijhydene.2024.09.457,10.1016/j.ijhydene.2024.09.457
Teórico,10.1016_j.jcat.2020.05.001.pdf,10.1016/j.jcat.2020.05.001,10.1016/j.jcat.2020.05.001
Teórico,10.1016_j.jechem.2023.02.018.pdf,10.1016/j.jechem.2023.02.018,10.1016/j.jechem.2023.02.018
Teórico,10.1016_j.jechem.2024.09.009.pdf,10.1016/j.jechem.2024.09.009,10.1016/j.jechem.2024.09.009
Teórico,10.1016_j.jmst.2021.06.004.pdf,10.1016/j.jmst.2021.06.004,10.1016/j.jmst.2021.06.004
Teórico,10.1016_j.jpowsour.2024.235650.pdf,10.1016/j.jpowsour.2024.235650,10.1016/j.jpowsour.2024.235650
Teórico,10.1016_j.mcat.2020.111082.pdf,10.1016/j.mcat.2020.111082,10.1016/j.mcat.2020.111082
Teórico,10.1016_j.mcat.2021.112036.pdf,10.1016/j.mcat.2021.112036,10.1016/j.mcat.2021.112036
Teórico,10.1016_j.mcat.2024.114489.pdf,10.1016/j.mcat.2024.114489,10.1016/j.mcat.2024.114489
Teórico,10.1016_j.mtcomm.2020.101929.pdf,10.1016/j.mtcomm.2020.101929,10.1016/j.mtcomm.2020.101929
Teórico,10.1016_j.mtcomm.2024.110088.pdf,10.1016/j.mtcomm.2024.110088,10.1016/j.mtcomm.2024.110088
Teórico,10.1016_j.mtla.2021.101168.pdf,10.1016/j.mtla.2021.101168,10.1016/j.mtla.2021.101168
Teórico,10.1016_j.nanoen.2020.104603.pdf,10.1016/j.nanoen.2020.104603,10.1016/j.nanoen.2020.104603
Teórico,10.1016_j.physe.2020.114472.pdf,10.1016/j.physe.2020.114472,10.1016/j.physe.2020.114472
Teórico,10.1016_j.seppur.2021.119569.pdf,10.1016/j.seppur.2021.119569,10.1016/j.seppur.2021.119569
Teórico,10.1016_j.surfin.2021.101538.pdf,10.1016/j.surfin.2021.101538,10.1016/j.surfin.2021.101538
Teórico,10.1016_j.surfin.2024.105609.pdf,10.1016/j.surfin.2024.105609,10.1016/j.surfin.2024.105609
Teórico,10.1016_j.susc.2007.01.037.pdf,10.1016/j.susc.2007.01.037,10.1016/j.susc.2007.01.037
Teórico,10.1016_j.susc.2015.01.019.pdf,10.1016/j.susc.2015.01.019,10.1016/j.susc.2015.01.019
Teórico,10.1016_j.susc.2024.122544.pdf,10.1016/j.susc.2024.122544,10.1016/j.susc.2024.122544
Teórico,10.1016_j.susc.2024.122654.pdf,10.1016/j.susc.2024.122654,10.1016/j.susc.2024.122654
Teórico,10.1021_acs.energyfuels.3c03013.pdf,10.1021/acs.energyfuels.3c03013,10.1021/acs.energyfuels.3c03013
Teórico,10.1021_acs.jpcc.2c02156.pdf,10.1021/acs.jpcc.2c02156,10.1021/acs.jpcc.2c02156
Teórico,10.1021_acs.jpcc.2c07086.pdf,10.1021/acs.jpcc.2c07086,10.1021/acs.jpcc.2c07086
Teórico,10.1021_acs.jpcc.5b10894.pdf,10.1021/acs.jpcc.5b10894,10.1021/acs.jpcc.5b10894
Teórico,10.1021_acs.jpcc.6b04692.pdf,10.1021/acs.jpcc.6b04692,10.1021/acs.jpcc.6b04692
Teórico,10.1021_acs.jpcc.8b09868.pdf,10.1021/acs.jpcc.8b09868,10.1021/acs.jpcc.8b09868
Teórico,10.1021_acs.jpcc.8b12037.pdf,10.1021/acs.jpcc.8b12037,10.1021/acs.jpcc.8b12037
Teórico,10.1021_acs.jpcc.9b04731.pdf,10.1021/acs.jpcc.9b04731,10.1021/acs.jpcc.9b04731
Teórico,10.1021_acs.jpclett.1c03452.pdf,10.1021/acs.jpclett.1c03452,10.1021/acs.jpclett.1c03452
Teórico,10.1021_acsami.3c15264.pdf,10.1021/acsami.3c15264,10.1021/acsami.3c15264
Teórico,10.1021_acsami.7b14506.pdf,10.1021/acsami.7b14506,10.1021/acsami.7b14506
Teórico,10.1021_acsami.9b20552.pdf,10.1021/acsami.9b20552,10.1021/acsami.9b20552
Teórico,10.1021_acsanm.9b00699.pdf,10.1021/acsanm.9b00699,10.1021/acsanm.9b00699
Teórico,10.1021_acscatal.3c04588.pdf,10.1021/acscatal.3c04588,10.1021/acscatal.3c04588
Teórico,10.1021_acscatal.6b01211.pdf,10.1021/acscatal.6b01211,10.1021/acscatal.6b01211
Teórico,10.1021_acscatal.7b03987.pdf,10.1021/acscatal.7b03987,10.1021/acscatal.7b03987
Teórico,10.1021_acscatal.9b00796.pdf,10.1021/acscatal.9b00796,10.1021/acscatal.9b00796
Teórico,10.1021_acsenergylett.1c00234.pdf,10.1021/acsenergylett.1c00234,10.1021/acsenergylett.1c00234
Teórico,10.1021_acsenergylett.9b00876.pdf,10.1021/acsenergylett.9b00876,10.1021/acsenergylett.9b00876
Teórico,10.1021_acsenergylett.9b02689.pdf,10.1021/acsenergylett.9b02689,10.1021/acsenergylett.9b02689
Teórico,10.1021_acsnanoscienceau.4c00058.pdf,10.1021/acsnanoscienceau.4c00058,10.1021/acsnanoscienceau.4c00058
Teórico,10.1021_acsomega.2c03388.pdf,10.1021/acsomega.2c03388,10.1021/acsomega.2c03388
Teórico,10.1021_acssuschemeng.2c05212.pdf,10.1021/acssuschemeng.2c05212,10.1021/acssuschemeng.2c05212
Teórico,10.1021_jacs.5b03329.pdf,10.1021/jacs.5b03329,10.1021/jacs.5b03329
Teórico,10.1021_nl404444k.pdf,10.1021/nl404444k,10.1021/nl404444k
Teórico,10.1038_s41467-024-54796-9.pdf,10.1038/s41467-024-54796-9,10.1038/s41467-024-54796-9
Teórico,10.1039_B700099E.pdf,10.1039/B700099E,10.1039/b700099e
Teórico,10.1039_C4CP01237B.pdf,10.1039/C4CP01237B,10.1039/c4cp01237b
Teórico,10.1039_C4CY01162G.pdf,10.1039/C4CY01162G,10.1039/c4cy01162g
Teórico,10.1039_C4TA05257A.pdf,10.1039/C4TA05257A,10.1039/c4ta05257a
Teórico,10.1039_C7CP00636E.pdf,10.1039/C7CP00636E,10.1039/c7cp00636e
Teórico,10.1039_C7CP06187K.pdf,10.1039/C7CP06187K,10.1039/c7cp06187k
Teórico,10.1039_C8TA03302A.pdf,10.1039/C8TA03302A,10.1039/c8ta03302a
Teórico,10.1039_C9NR03255J.pdf,10.1039/C9NR03255J,10.1039/c9nr03255j
Teórico,10.1039_C9RA06539C.pdf,10.1039/C9RA06539C,10.1039/c9ra06539c
Teórico,10.1039_D0RA08138H.pdf,10.1039/D0RA08138H,10.1039/d0ra08138h
Teórico,10.1039_D0TA09903A.pdf,10.1039/D0TA09903A,10.1039/d0ta09903a
Teórico,10.1039_D0TA10136B.pdf,10.1039/D0TA10136B,10.1039/d0ta10136b
Teórico,10.1039_D1CY00302J.pdf,10.1039/D1CY00302J,10.1039/d1cy00302j
Teórico,10.1039_D2CP00657J.pdf,10.1039/D2CP00657J,10.1039/d2cp00657j
Teórico,10.1039_c3dt50666e.pdf,10.1039/c3dt50666e,10.1039/c3dt50666e
Teórico,10.1039_c9cp05944j.pdf,10.1039/c9cp05944j,10.1039/c9cp05944j
Teórico,10.1039_c9ta06686a.pdf,10.1039/c9ta06686a,10.1039/c9ta06686a
Teórico,10.1039_d0cy02163f.pdf,10.1039/d0cy02163f,10.1039/d0cy02163f
Teórico,10.1080_00268976.2015.1094582.pdf,10.1080/00268976.2015.1094582,10.1080/00268976.2015.1094582
Teórico,10.1088_1361-6463_ac8b1a.pdf,10.1088/1361-6463/ac8b1a,10.1088/1361-6463/ac8b1a
Teórico,10.1088_1361-648X_aa84d9.pdf,10.1088/1361-648X/aa84d9,10.1088/1361-648x/aa84d9
Teórico,10.1088_1402-4896_acf894.pdf,10.1088/1402-4896/acf894,10.1002/eem2.12204
Teórico,10.1149_1.1856988.pdf,10.1149/1.1856988,10.1149/1.1856988
Teórico,10.3390_molecules26113319.pdf,10.3390/molecules26113319,10.3390/molecules26113319
Teórico,10.3390_molecules28010254.pdf,10.3390/molecules28010254,10.3390/molecules28010254
Teórico,10.3390_molecules28093888.pdf,10.3390/molecules28093888,10.3390/molecules28093888
Teórico,10.3390_molecules28135182.pdf,10.3390/molecules28135182,10.3390/molecules28135182
Teórico,110.1016_j.apsusc.2020.148312.pdf,,10.1016/j.apsusc.2020.148312
